x1,x2,x3,x4,y
69.50371398279341,-6.715142489291509,-153.36536103645597,c,353.63060277898984
28.903581238898113,-5.470495106868007,450.38995891704633,b,681.8996219056919
49.536671092201146,-5.917571596257719,-241.035874441304,b,898.3814102953475
62.505817565017,-4.351779474365857,158.25461893046554,b,758.0918176529854
55.548834930270274,-6.978661430642153,778.4180030080274,b,919.0277660341864
60.2312247889544,-5.605069680812328,-2492.7733591757205,b,1151.1342406506792
51.204786007315604,-4.077872284022498,937.40629171208,c,161.00715883452833
68.43815924424945,-5.789119720136913,-514.7566327383583,b,998.0623846078896
60.34821339421664,-6.83659334344259,595.8201205829378,b,956.9368179704746
49.330117553008655,-4.268083208719059,-238.53845017906698,c,283.3992234091026
40.77436623833421,-6.869491019101613,-2288.1605623130554,c,442.54035653355265
47.01010374441997,-4.195535329219471,103.63864552116706,b,669.8364109472852
51.07500706704524,-5.080132525041053,-147.99193299108265,b,807.0434534744347
46.93756422083528,-5.7323886593075475,-17.809206335030865,b,855.6980400693192
36.273991282622866,-4.300676494566442,664.7856184923669,b,575.7683634176278
43.00530012790397,-4.802369535664597,-179.229645928357,c,243.47294065537997
54.691621693172834,-4.180057500357239,-933.6854417029828,b,821.895337669162
51.73192270837632,-6.298192892701706,-1210.825591238175,b,1049.5170024136949
62.383915879988976,-6.887528526912064,953.6043236475032,a,-15.983982519759337
33.640566546598365,-5.70418454336479,1296.893205905597,a,-144.71970773802943
77.86274179229216,-5.0598150423709845,238.6675703083996,b,896.2832225502519
54.92043104449752,-6.150885544654563,-1514.2828452955832,b,1078.7172221746082
58.239594340568274,-4.521697563372824,15.139421687622473,c,304.7102153003319
55.52769641139334,-6.476629507882196,379.9791277023222,b,927.9277944735306
55.87677448718422,,1497.3454169993727,b,658.2740339731425
49.66394126557159,-4.785869153916307,-381.0610209244388,a,110.3939157654728
48.608214705140895,-4.4475917292251905,-457.53649511873505,c,316.4194230072502
38.16566850220241,-5.585029704190425,-1088.2515960706983,b,902.7709150403673
41.56774475906093,-5.588012696815266,-465.90399110328684,c,260.06637820083114
42.47134142199009,-6.497925739315399,-1775.8880939563428,b,1066.1104679503749
44.193996702835705,-6.058942007443422,967.5125640058482,b,782.4640847464912
28.30170804957738,-5.961090903426644,-535.9122609983251,b,822.8097229509597
40.70447744434815,-5.2975268326987734,-60.42711287809291,c,236.08491340986032
46.054876589840276,-4.947772077425071,443.113123177784,c,206.17232828127942
62.872963944716886,-4.040868825178501,-947.2541567890034,b,847.0324150738656
42.31576764724803,-5.660177420620515,-367.9003611029462,a,53.01979576922491
56.42601849881415,-5.425991726771925,-645.6435796158419,b,937.4956542149712
56.133173728038905,-6.950348515525667,-139.61343284614367,c,303.17122063406316
66.51247531898423,-5.2125379278671,58.17106326919736,a,159.4822361016842
45.154179653714955,-5.377908914863243,834.8693513993449,b,702.4789643873738
42.17545059198755,-5.963266772678383,-769.2007935278456,a,85.86038006710547
43.348960844668106,-6.5951910609442645,620.3334457971673,c,168.61612507879596
34.96222726221129,-4.4901838345935,-842.9346032763291,c,290.4169211339223
60.73033683155174,-5.605510452077124,-1658.72908678812,a,297.3093187623346
43.35121681338127,-6.32452311361509,163.26902639736727,c,223.6809635794281
40.0331451498603,-6.400406996525738,1413.3428816243327,b,736.1750871982317
41.169721465401864,-4.987251718708856,-1159.951606591869,b,863.1611926120405
44.263541574606045,-5.42660762017581,-265.2227264591238,c,258.7407634451135
61.658271664670856,-5.720712231033145,-848.7759973773142,b,989.2743020120043
31.879863356430057,-6.698454049352994,-1821.732968234138,a,119.35868802611915
76.66022230791778,-4.6400890772022985,1841.829885415746,b,691.8697015731954
48.34050619801756,-5.8774865304645765,-993.4670208088113,b,951.8444215915566
52.30958779023886,-4.385476562250474,-1760.0313288665989,c,450.5931091911498
54.408798567290155,-5.958140318334825,-974.1190801149003,b,993.985427636833
41.71880626386997,-5.395103626028864,1336.6354078413806,c,80.81090060741786
52.07428570374576,-4.430802719690029,-1240.481752350458,b,853.885992450997
57.529343634610186,-6.3986922871700065,1201.8283158458162,b,841.6533085275661
30.94910049562514,-6.9665077666143915,149.03249805701023,c,134.15544575664407
53.26067784820142,-4.956707284455961,383.7696553625392,a,56.57335726795702
44.13452659261904,-4.942543808296409,-1069.6867832220987,b,862.1855515157847
57.28122585391695,-4.908715008454567,942.7899296689889,c,201.06711482346566
39.90404169993387,-6.638985686338171,388.3065424787968,a,-66.4725644222826
36.13397674269322,-5.770232938281057,-1715.6123545719252,c,366.7301700928957
42.70818797664818,-5.323920119524631,1183.4202328565957,b,669.3554727477404
31.232375439216522,-5.952873727667763,-1278.5923357430368,b,920.6639866846081
43.185611285548966,-5.779497230529712,915.8621377626587,b,723.2675138892074
45.351479773776575,-5.77604717530242,-318.4866579443795,b,864.2233414441453
48.67194602701625,-4.834028275018239,-1882.031625227737,b,955.1851414975756
67.98066979539527,-6.0097069199141595,-491.24680125822806,c,399.3069896321911
36.90145310663878,-4.085663034913802,-909.2570946856596,b,706.1245896489636
47.28180823410083,-5.911039903209559,-1831.3692146538604,c,424.33495317254693
50.62367009547414,-4.404039950268336,-1745.812071466799,c,436.3302629351249
39.36499608951186,-4.081940777638081,-433.20542943511543,c,263.6830749383087
52.109807692241944,-4.413846964302882,-2390.9587476329357,b,991.2446012789981
51.14900154098899,-4.678301383365015,-2086.620279789756,b,967.7252558755599
41.675316107960946,-5.782537524778184,711.3774762075402,b,742.7938915288538
57.28219294697033,-5.322913047405426,419.4003397903881,a,62.354135517923766
60.745332824031244,-4.5791894263878685,366.2969000145322,a,105.59213511084852
52.249219115347024,-6.86417010563809,-1012.2894380526395,a,151.91771707281134
46.48712635775421,-5.476656255649632,2448.0795199340073,b,563.9835497246618
64.2690376550114,-4.112101641445356,918.5656496413421,b,667.9877105336246
51.318943797223994,-5.776859927882089,-459.4823750477649,b,916.0405457390145
26.299222209834046,-5.687166481850183,-1314.8272511565917,c,266.3560699755405
56.27053423910957,-4.990192941366077,974.8086887331053,c,187.0830971288623
47.06530179899874,-4.777751715246902,1118.7557763035063,c,125.92403476358287
64.03801340449692,-6.657518491234812,-1120.9705679504664,b,1152.9544186638866
55.43982771191159,-6.883878145893695,1757.8953903277484,b,826.0507756085733
56.48810636820882,-4.667779015107723,-1806.4409869176557,a,317.3867655484229
38.38719330739343,-5.486516954625982,-1215.7283652119,b,889.3628743122554
50.39451251849874,-6.422256356200307,602.1204387877066,c,215.45736746148822
53.33157164319413,-6.567672141692194,-423.44837861043334,b,1010.1249821458857
60.11434248839397,-4.995707968077584,981.1035710343483,c,212.4314596200433
44.16519996420157,-6.5152045693778025,-1920.22381268223,c,429.01880688618337
41.277418402623965,-6.475896590838519,1781.9261751960278,a,-185.25787712841793
46.75544100591899,-6.560930949024857,-126.43448496834509,b,936.3708096559708
47.87444440596049,-5.450586229474275,72.18434942654437,b,813.995049940429
55.99374330939534,-4.077170369468931,66.75730906497637,c,274.5483267250611
51.80385890016319,-5.0844286250022686,-879.5067240236033,c,360.80984525744714
54.56320443076975,-5.994592730240886,-1269.1448558968727,c,419.010658175035
56.822952275622455,-5.5705022030161295,-302.67354765318277,c,323.9267642979976
50.56829310593532,-6.8113591730349885,-190.31055237315212,a,57.46328306370276
52.49071258697751,-5.426649123092153,768.175044743896,c,195.36992465702096
58.10569805624988,-4.057554101221371,-1200.4509989584005,b,857.6700912605431
49.91472449822707,-5.496809050100017,-1060.960610895496,c,382.8270677585641
45.96147900932536,-5.382499600237205,-1194.4984123262484,c,367.78349702684187
29.326712395239568,-5.330858156690214,-748.2849552790169,a,42.74589857641453
41.27263673772156,-6.2441202483665545,-2157.895989998572,a,203.11947051611793
57.81597731549788,-4.869282115860269,4.522626003362717,b,815.9833504680023
50.501207040336574,-4.520132779688899,30.23214168355753,c,266.5659533328423
57.717990136875414,-5.541069097711626,-63.59188050573644,b,884.0586223590706
38.3257875331461,-4.585616190763297,493.0817925616959,c,147.70266749530052
33.58982253361408,-5.1171118436857626,-1196.3580639875931,b,818.8311232638812
46.707874469945416,-4.683195434323524,1243.6623801324884,a,-57.32211139636972
51.64786094568533,-5.283169531616249,1548.1103153179793,c,127.00107577578325
42.84957553672379,-5.860945122809878,1567.346811309044,c,80.55761021219648
71.84377647269567,-4.9768919943555305,-971.6123457214071,b,990.4201014453903
49.60578723026568,-5.280679146724566,281.43845128034843,c,251.51575520043565
44.51222982377013,-4.3095657518773915,-25.565082215502287,b,694.5505976800139
61.47093228319315,-6.182493229074375,-1192.5543902754598,c,445.5918057984496
36.309500858000874,-5.224042996641915,-1331.6526807938924,b,872.4195950441027
48.375691285260274,-5.5893956079605,-383.4822889338287,a,93.10876277623578
62.27750330987676,-4.8958623640883125,278.90906792427484,c,284.7606271865116
40.628310532092584,-6.949941098910008,-1126.1133846762273,b,1054.071068887439
43.471986346706885,-5.704281967433453,604.3764090676582,c,164.51421340845607
36.57996391834678,-4.908056079992496,-373.12348791480514,b,730.5754854291966
73.98660765636569,-4.296422859739013,-1453.2599599196396,b,971.5607011608122
49.95604339071847,-6.591790479878232,612.0057938911028,c,195.5992974198449
53.572127162877464,-5.702400426117253,-515.1222241558854,b,919.380137136685
53.691026413596234,-4.491561807580279,-48.06365320690219,a,118.3143413572445
44.38056699084992,-5.592506327780754,-305.1120695453789,c,242.7458657913548
40.47650663404558,-5.632701450287504,295.42297806035174,b,777.9826787556992
50.47237123852051,-4.496136872119278,-2107.6687652358,b,939.5281986354657
63.976456996846075,-5.44676887563282,595.3581924231037,c,273.9684395863259
40.39706277626729,-5.0504383863857365,-1648.556802373241,a,203.91463632922486
59.30211514685718,-5.893967933280759,-777.4897149497605,c,401.94449550931023
61.370810397768565,-5.3694985955753705,550.7458206569946,b,833.239721288708
36.79084325790918,-5.565504136374017,-1797.0713154706316,b,971.9689251071693
60.62757438613785,-5.39104843129746,1626.4717008613309,b,708.3102472099637
47.34914180336447,-4.513105975007339,-2426.9132394179633,a,325.60634504630696
46.381167975900446,-5.774154741786442,-561.0363136909657,b,906.845727065547
62.51176577682682,-4.746669946241406,-472.6660455674195,b,871.2828990459204
54.37600899717609,-6.878691383471088,752.4269696972767,b,908.3782308870533
48.02991388203022,-5.677564165504861,-543.0377209823994,a,105.1362045518782
44.78124420778606,-5.613337470511478,-1221.9438300962702,c,366.1998713476419
35.31343905211982,-5.2724344118242925,-72.38364951779832,b,717.6955012351
67.72943910265302,-5.914549594340926,768.8822096126027,b,895.2822624727596
61.32972370964828,-5.041152443511537,-854.819677866379,a,224.26283318262412
60.72898941030683,-4.707216989273411,-539.3317559560121,b,843.5275295136258
66.3822650169189,-5.885598470880917,-546.8472912419511,b,1014.1756532590805
54.43779214995402,-5.002890488474444,1364.436363274116,a,-32.43651741500966
58.00585469654132,-4.345758018394251,-125.84685110609696,c,314.58795874030267
69.37866510703023,-5.379719580723968,-902.6485707548711,a,251.90570420334447
76.1583729905654,-5.267284294675153,1374.44670209336,b,778.0876568961187
55.59127898682025,-4.844907833531377,-1017.9149492508342,b,897.3390664992475
53.731068284464605,-6.723080835512931,69.4316191136295,b,978.5647277496529
44.22749057686538,-5.482022436167492,-938.5007108823102,c,322.2865807759856
62.86124542228755,-4.573875843453202,-543.3993890433749,b,860.3632178672678
54.30941691503617,-5.298433678354851,-1262.4046371955556,c,400.5095220141668
67.88502073216088,-5.979419861666644,158.48791710152534,a,127.91527617082343
37.25944413822278,-6.078685675049726,-958.950900151476,c,289.9855676534372
63.605668359136445,-6.23964206927839,420.2135277018068,a,71.68157977268498
37.65439855820807,-6.087415809164546,77.24861306809942,a,-21.008844860368498
51.892036048097076,-6.087028892697928,-294.1056904138866,b,916.2370194300604
69.18089638133566,-6.3544447028418265,-1208.74774414068,b,1142.0239407470908
58.29379791611997,-4.036991820573579,-941.178104533333,b,820.5813303790583
35.08779542372601,-5.629261641926725,-838.2198944043472,b,852.3364730430225
41.40735804004569,-6.890386380120155,-36.664489254997676,b,940.4008128561807
55.072516688061945,-5.752772381870727,592.7988674610767,b,814.4006880711324
33.321767933583715,-5.901265181313654,-59.41072725827698,b,795.0047828019103
39.49442907384244,-6.576000085693551,-919.6294075280665,a,60.25567161694991
50.203487331479415,-6.522102032862453,-913.4565212927251,b,1021.3454977265808
50.6383606396128,-6.929880545738163,-578.4650764100504,a,99.6046802688779
44.14058709594901,-5.111682041787827,-1430.7066524070117,b,893.6172194810417
57.34651909074758,-4.76113068500289,-751.3150588971207,c,383.2587683236996
58.07727057669772,-5.349518619779667,-1853.3879408511405,c,494.68979966429345
40.3033651894231,-4.027683447985848,1163.6153044215052,a,-46.27761187603929
29.638688033117738,-4.005810800354615,-1455.2563851549937,c,320.6322802677269
50.746714457329546,,91.8181187930735,a,35.7271312553186
46.71288773286851,-4.070706379419882,142.7352961214536,b,658.5226699903936
49.78515505676303,-4.325208700527464,-20.735565186998997,b,717.609701622378
54.68597407097379,-5.869871728690493,-1142.7004038276923,c,401.5483133730792
65.15917625482237,-5.743814801955487,-2070.666530238814,b,1125.7476740990526
53.224010266341786,-6.337743058416344,-395.39887167887184,a,105.01494794834551
45.66312882862033,-6.045215242135939,1217.5804176859556,b,741.7614398631824
68.47013328190182,-4.160105952038053,1164.425929484732,b,667.8984009073572
59.93544234650674,-5.794891943523343,-302.1378432782678,b,944.9417671385112
64.17557816356076,-6.456008364740729,732.3377975351794,b,937.4147147175613
46.90983684286329,-4.443208368532814,-296.017707459034,b,732.1316273762534
50.418614890252655,-5.575724506717862,509.01982898615177,b,780.6459241760786
49.14269288382366,-5.193901707878119,318.05036455202753,b,782.4866249628163
26.321689195490645,-5.630379419898985,419.6763449685309,b,686.2713790930261
38.66468267707514,-6.126407951693674,563.9453634505044,c,149.16694259862476
59.93128135684223,-6.3645084855995595,-833.4000606632451,b,1031.3356093864745
54.21499020401475,-4.094031279075159,-395.3012797152712,b,749.116032925968
70.5452332153709,-5.51443130834903,621.5148960492178,c,312.4648854301946
52.30224537341452,-5.573486963354261,-1712.7323877940528,c,446.68621597383293
47.65700990188991,-6.101056803967275,-831.5149910816938,c,328.8628634745189
51.1022642342238,-4.501901662117328,-322.5488331542574,b,778.4603504639285
58.75401949176907,-5.636180035164815,-546.1923714612294,b,945.0103316437471
48.44523552742982,-5.323157171321774,301.3623075634847,b,779.3672341623972
56.418070425007635,-6.669921872242319,-1829.4543266004694,b,1152.9616805329042
58.22526610026581,-5.7063413714714795,215.95922497580096,b,863.9081219398066
58.010856374673004,-5.056223026982317,-1120.374778823841,b,927.3322389583959
59.66071120979079,-5.228147295289388,-937.763173878148,a,218.3193125952148
52.74531876474358,-6.515630526099401,-937.2888107391084,c,360.32091666031954
42.55471632503027,-6.8186360265842945,50.577063432239925,b,907.5376576449444
48.247474967050294,-5.593628679325715,-1380.4601433151847,b,980.7707408001629
52.77643841461178,-4.980735001516096,1812.7411975508599,b,602.4702267131024
54.95274054101004,,-1368.4075530912185,a,210.41767530491492
55.75392492253805,-6.792505307665879,-1064.8636254777955,b,1113.3668272363661
67.35448840178894,-4.440207330369713,1384.3288942144916,c,209.30528234159038
48.558422997057484,-4.391365108271304,-1566.6749006263808,b,891.6316460041996
43.9972107255515,-4.960512621506696,1642.4082312080043,c,69.46683871718487
32.40174086507743,-5.028700233222398,-2332.360162366012,b,938.4941500301527
67.52426048494672,-4.150622040318843,-449.2991967563843,b,831.1970560935041
50.873616776762645,-5.63153695465439,-224.0793674436363,b,890.8574676750445
48.47090207979064,-5.254454209904334,-217.8233763354392,b,839.5274190817877
48.7030930737778,-4.143235073784668,-1782.9441528665623,a,268.5917078013407
40.42754182150315,-4.141840753340807,-1835.111035974164,b,838.2818805723695
35.13677073303525,-5.833021180002699,-783.2900201740619,b,869.1618020963886
59.21635263357153,-4.008471535857099,1001.3446004342686,b,634.4450410412126
59.710744827696615,-5.548671470997942,-135.47634975887388,c,332.9465388628541
45.01368114339073,-5.973457060160525,-482.4929039283351,c,277.167251136637
52.13452385624572,-4.999980415808471,890.9853343192929,c,175.30218888015753
57.644480305426434,-6.082423462331359,-1202.026611340429,c,428.0808763039181
53.569065013467494,-6.286238435607739,39.80321430236347,c,284.72182353642876
49.27377558156823,-4.355614754534034,2014.933521547718,c,53.37960939515985
54.957676247823386,-5.395858825479575,-165.78059600966884,c,299.63234208307557
59.38578848929318,,-496.7979312291923,b,1033.542691444039
44.42809255319175,-4.475120225966616,786.6372039476912,a,-9.74278606090138
64.11864760802487,-4.78102315103326,341.1352521674727,a,116.6449043089334
37.292455151283484,-6.997271271639803,289.2136851377385,c,182.06069888863442
49.81560226684464,-5.601774233146877,-213.19587940058977,a,72.8314087431637
59.52837983359601,-5.278593470562038,-702.7430322490384,b,935.3357593350864
20.812063963680423,-5.7827247932609485,-599.2084362828109,a,-32.24923500511025
67.39032159198099,-6.906525333263944,-1583.713254605115,a,272.74214934161955
45.96117934952549,-5.431907480986279,-979.9266938816302,a,152.779303586885
55.054058668589064,-6.509391734439878,-1166.0013830824919,c,398.25868459367854
44.13667813227812,-5.1429784223667765,-241.71350937612164,a,75.85550496758125
54.28614476102131,-4.105705588986419,2552.1787759633485,a,-135.8360189845855
36.420146702551875,-4.310182602198047,-668.298434783534,b,698.2372200935828
37.24267551228588,-5.828362252806851,-804.9588096653723,b,882.1176742920273
50.51575902709902,-6.082003941954576,-1056.402674191519,a,134.06417223459735
49.94913178762465,-4.304929792013392,-849.6396977329412,c,332.7017768002576
32.07581327466812,,-3381.6682905337348,a,336.5282464039553
58.25125977072396,-4.838685373587527,-1030.1506463834744,a,227.39407491100033
40.11331479771166,,-928.3641794034975,c,331.4507384326005
44.07135443123437,-6.2261483018254005,101.72884706075757,c,220.82367694710513
58.69365837630022,-4.626718202051672,-256.7642437314238,b,802.4841935843427
54.443629597400914,-5.123918389490887,-535.0153088211841,c,346.12920950221024
43.81581815194573,-4.030483440726483,-1556.4789319683941,a,225.94210470279083
45.418071304562865,-4.051852341766191,-886.8763022365868,b,741.0293185169926
56.17118545109474,-6.801375519808174,653.2307171637766,a,6.412023987511333
30.9966243268541,-6.769764824565496,-1459.2053765695443,c,320.41712913165736
48.95402891562026,-5.928078185347111,-1393.128951137581,b,1017.8845634861744
62.04463577556429,-4.756346280939068,-648.9504418553543,b,874.2980411226654
74.54568455173931,-4.0756909748705334,-682.7155955998029,b,860.1174179617278
62.26478995488402,-6.414871005657971,-771.5507510420324,b,1059.738931901004
62.88866697554381,-6.495119494244343,49.66729424905719,a,84.48916453881213
35.07580404138128,-4.466407568166374,-470.2543568044213,c,226.48247060271288
47.649273559601966,-4.966560912941764,-279.8241997081528,b,787.8879511482007
39.03955695647859,-5.796324482558747,-525.4643205992671,c,263.82815648008506
69.00119748926117,-6.583051293637486,-854.6042072745635,b,1124.524014880969
45.335909065934004,-5.547469696415442,-1503.2719985885449,a,179.1556587346658
59.11031886795525,-6.8225305378665775,47.29080760877247,b,1003.702306243051
43.19552104445998,-5.477096873106576,-1141.7094224114635,b,904.2891215404238
36.843439042331596,-5.453243577325948,1575.4062170318164,b,600.1546536746534
39.96427043895877,-5.533377831620978,-574.850157412915,b,857.8067403861837
50.6788511601184,,-540.3087700498008,c,319.36417934104213
48.98298949170753,-4.772434122672009,-1993.0929597633308,a,287.25672540644877
31.412795310287283,-5.632840249350493,-858.5301263513475,b,853.331668148184
45.68736172278388,-6.807939959437574,-419.31222457400077,a,39.64988714643559
51.977572088241516,-5.96312575406575,-607.4275949514076,b,939.6377144756912
57.63656927167151,-6.064276280714014,869.0640415200935,b,830.750160896999
47.08585942126091,-6.132420583052176,-530.0509453598718,b,954.8149797167262
38.015815965643114,-5.741444974575924,740.0799352697334,c,133.9401980011837
35.423517877842464,-4.646242497568177,580.8320633126843,c,151.32418171703685
31.298134407739578,-4.010567092904122,-552.5802493665896,b,641.7650276907702
52.11234788693364,-4.784017490685934,51.08632308067348,b,790.3410868297185
33.17084724977295,-6.991203718125414,-2451.3045750847728,a,182.7852436996823
63.03489880018213,-4.8620718094586195,-959.1408354560027,b,939.8484547675864
65.79049935250099,-4.539935500021592,-1310.4918553383036,b,923.5404533156207
55.070189463709276,-6.3709607192126745,-1025.952275005086,b,1041.3082739772183
43.450918214877426,,1423.962347855469,a,-86.24922241489142
60.890995464662495,-6.1771888584728885,-466.2652757492107,a,153.71305281042802
44.64747429246165,-4.349229853457325,-868.8144506749784,a,165.9517709297609
60.51166017944129,-6.184493607176189,497.98731861639317,b,894.0051376526355
62.746844036482095,-4.42536286186671,-1719.1821174577778,a,339.55326093780457
42.535028587165044,-4.745347398185462,1015.1052238278323,a,-49.748003805800565
46.45597854802285,-6.956267901276501,155.21105607633996,c,235.0601671346337
41.66939827485412,-5.445806262095134,82.82365550623541,b,781.5394768461806
52.57918335114466,-5.132285343706275,-243.9442197175619,b,834.4203523914559
48.48989572952314,,-397.7304165914428,b,849.30367118762
42.97986012184371,-5.363831182215955,1525.9217508331722,a,-103.40278038061646
45.06667858562021,-4.705582228690094,-59.94747269454754,a,62.46005163656653
38.76315716659201,-6.560299778756757,499.5338265679542,c,147.10161128835307
76.19494900486521,-5.838413491374617,-1055.2643902454565,a,304.31437239925043
26.96332695959257,-4.470377757707995,-304.42728391642027,c,188.25744734499014
53.802535045149874,-6.721478465193453,-1106.5355668613283,b,1091.1532519916232
55.12074063370145,,-649.2780133764998,b,1023.9040527698235
52.05520100689989,-6.215628793452781,-86.21660195978552,a,65.96605915531646
46.73022229285745,-4.4202404099324575,103.07227943409498,c,248.79381315574815
42.44639530587229,-4.610387460465869,533.6197037754434,b,644.241811026495
43.47641890383744,-5.330595079234367,-1162.9585380279814,a,157.9997967191004
65.09801194860896,-5.049840741236975,-839.2929565031271,b,968.3458709696629
53.0637113839001,-4.587087051506943,-2120.2748870721925,c,478.53607710900957
58.15462613820186,-6.748057282036585,330.74041039307315,a,53.88801846700434
31.22394859262818,-5.096948293960935,815.7690315975251,c,92.71174518293013
67.24435226444321,-5.796893355329408,-432.59145463067193,b,989.4316873165501
61.84971158233826,-5.359569122348647,961.6842637188838,b,793.6534920974492
61.671788138014136,-5.663491865112219,-1738.3005418473167,c,485.4519548772325
53.12727868496602,-4.779234140661992,-272.2754652440003,b,793.9710086520836
37.39721040054705,-4.669562624634454,-1098.479209125284,a,136.26614442291753
47.99117661611769,-5.872830865409286,-2013.8309181018744,b,1065.2892272090637
38.96098253028511,-6.408017220968708,-1336.0621213762474,c,352.69032392859685
51.19415039577985,-5.976803823561282,595.6553014753324,c,212.36114156230977
55.183284765844654,-4.32537586759529,-317.5086519256246,b,784.6711955226626
48.62702030062403,-6.099324846663931,1103.209970575508,c,136.8565152776906
51.492485225827785,-5.822083878012792,-875.3230087635509,b,944.0451116333385
40.209842089533055,-4.057212932724619,-611.3993744154056,b,704.5031499941003
48.090407311507924,-6.0989907480659,116.01516418514183,b,876.1261460723011
35.81644952637429,-5.484046470150204,727.3920588325736,a,-84.40705465038988
62.50250603489741,-6.226006997911604,-1744.7253905114724,b,1134.7067456048162
38.16338936113258,-5.142330006614506,-1620.9745590135294,c,364.3786221463736
42.40320520093282,-5.574228315195891,397.5061306112093,b,757.7369231862795
47.35366071310773,-5.75361501989712,-836.7350943422309,c,336.2013447287158
51.51120471614278,-6.1366922885243484,-657.4991281695529,b,974.7504700334828
61.86607081459144,-6.237966343836547,-719.1429040359639,b,1051.8934716640808
53.3095896113077,-6.729106884241297,-301.4075917948462,b,1011.0946572368393
60.03159911883505,-5.324884222809674,83.75888611140692,c,290.14205640446943
44.957754094474,-6.354071595020199,46.17089646645849,b,886.1526852716709
72.09798523473935,-4.058941426848018,-1284.5622692746654,a,352.2362613624816
64.98366265203836,-4.036077770867474,1606.285960358263,b,590.2785635216211
48.311027921430394,-4.654780121567213,-503.8162712421778,c,301.74287973746925
44.624050603867495,-4.511648602391968,-99.11896239037458,b,702.5000937518535
54.50799685482997,-5.900548432182534,-52.431747821712406,b,923.2742760709698
37.50927521897123,,84.15206958173155,a,-31.529999097410382
56.778636146157396,-4.277064000672806,-1138.1763998121014,b,851.1624852233448
43.50074433556933,-6.366799181908581,-466.9150710330939,b,935.4175102432941
43.54787105230467,-6.348176215755751,-1906.1517237124244,c,397.59190006538205
45.00641678098384,-6.1094031544911545,-604.0065008694032,b,940.0453487935099
45.87826877665818,-6.450965468598995,678.2169415593839,b,857.4669497407714
44.81754632264429,-4.281418368764863,-581.6046071358298,b,742.3396532480497
38.701907392408756,-5.211905855369025,-131.98130862098338,b,765.9082784283094
46.23969964807434,-4.721602717279934,1710.3329025661114,c,89.70585432005886
43.47767526026294,-5.012324887188356,-909.772545051124,b,844.4623524843312
58.43807097286735,-5.74112763713625,-149.31683886874896,b,895.8845711047234
38.67914565059518,-6.269870300600482,-287.3662294432097,b,894.6894371521939
75.31462993819598,-4.548296469354106,34.52662698702852,b,865.8968839179258
55.05636654683393,,-836.6707415157549,a,207.28766876942075
52.44849651614975,-6.1013830057715595,701.8497959123316,a,-10.95813675188387
77.62090338444503,-4.605046338945137,-1326.834680738629,b,1002.8098012817226
51.14296485199374,-5.977561731925315,-1935.4692133044136,b,1085.495879182895
65.35584207754496,-6.499657175099691,-178.4652279343696,b,1014.2565937590224
37.13898449237156,-5.050069281380008,-1444.8536871375159,b,860.6036616082081
55.98968498328708,-6.324180456631591,-28.521443179726646,b,951.6445780919696
39.92191913604953,-4.0934118275013605,524.92920416788,a,14.673057516674518
53.34956601278124,-5.108088338973943,204.51593711017142,a,84.3238683569192
48.32018259223109,-6.683754324537189,330.9272687554144,b,918.4127100572091
33.40630589543575,-4.748377781299249,1125.533011490449,c,67.11230350969471
64.8825239854426,-5.994414053184667,-1201.9065844814434,c,453.50777601615306
33.987686496605114,-4.119904640489078,-49.80597013789682,b,619.064522286229
45.796157428170886,-6.299510641628444,199.09042985304131,c,236.9981451650106
63.584120827772026,-4.2140195550946675,-496.0529194927019,a,224.66642112088147
66.02657737793831,-6.050201207706593,-38.43765291996593,a,129.24802899239072
44.36606407969116,-5.067331074304752,-1236.0427785512375,b,879.9925437936947
47.00218890751973,-5.7495033319211215,1505.2697111301754,c,84.59888932907735
48.56641517535776,-4.375477811786757,-794.4385332972441,c,323.3664835825665
48.557349929970144,-4.733630306418829,195.02923231515882,b,727.0505566460663
54.9615148142441,-6.592701900967098,-347.0800358689348,b,983.4565627455704
54.89148276481859,-6.540253217283615,-234.9326554226348,c,325.84588970216714
59.818313433996515,-6.715016610289667,-39.94810187240421,c,329.69076288220566
52.52521384515032,-6.78128192877816,-1011.0015467824412,a,146.3403481845321
41.42130793889291,-5.7779610535936605,414.2200024249963,c,196.1503824501008
24.454220920757514,-5.028966709833375,-1867.7813191423468,a,143.86625032042608
47.33868260587349,-6.9562678410047,-208.93873794848508,b,976.4806440230007
71.57630990973331,-6.321238451138397,-721.028569398756,c,445.27765071400603
49.63278572458395,-4.858054099825017,1070.085085413366,c,148.2270952903894
63.77709611923569,-4.366102164169032,-0.026830856445513973,b,802.3702917691846
45.919518903884935,-5.523787436884633,-187.62399447727032,b,843.0424497778491
48.08025718431105,-4.3911905110826375,-107.8676648341538,b,726.4982589384904
47.515417084032194,-6.421663484658415,674.2292215875021,c,180.6057051629528
66.3990786317362,-4.929511763322351,562.0781878161201,c,294.70601405029595
66.39028697058535,-6.262802140979649,-558.0679623755686,a,177.1052595880658
58.70286386710575,-5.288792757791104,1306.8790459218378,b,749.0053471610635
60.11712109351577,-5.121895955626593,145.85839983866362,b,842.220575434284
59.85712141086748,-4.259434069664856,-781.0710006931686,a,228.21294733253222
44.65262933301139,-4.557192561776438,-157.49171340574225,b,726.5925928462237
56.77058168663565,-5.437418155497386,1033.6491818560776,a,-7.902078640590759
33.123507992604644,-6.476370072766966,-627.6935914068797,b,902.5372341739776
57.373056110983725,-6.355000934056085,462.5770800880108,b,929.9963071619779
40.48864432657673,-6.092859752571903,-945.1922229465922,b,937.9472828086061
28.52343478081099,-4.791189944106839,-2177.3674677534596,a,198.30846300645666
60.50704134944768,-6.658691842375989,-995.6013101222223,b,1089.9145359742972
34.60839388060781,-4.615619646729185,-135.2412938247557,c,188.54884476830102
44.970000613853706,-4.725441453316217,-1137.4660891453577,c,367.5641460540266
45.1094373538418,-6.257094600284772,-2274.4382540033394,a,253.33244983695755
47.11477809223743,-5.893886375032572,698.4182523730846,a,-17.720109126832426
42.52780440653686,-6.60883736843217,-506.8988441999536,c,273.02121897605537
37.38358439994858,-5.870531304111581,-1071.1210508628924,c,298.1599412366857
53.795763015405065,-4.1986097609066935,1450.684563928589,a,-5.121608133676688
62.453682239010746,-4.739212398770584,864.3722258664698,b,736.1570088572457
50.11595581609728,-5.930641460084464,-344.73165656648524,c,300.88377941251844
40.32221751675034,-4.345154543039796,-808.0153209054001,b,758.4001688207618
43.17881452275878,-5.066722369395973,-169.16449638443953,b,775.608959028528
60.63845233859416,-4.583913549823613,-265.51478801636483,b,833.6073639224832
60.81935780708889,-6.041868699915121,410.45868027620133,a,66.10690767775952
59.246356637025855,-5.40855949601338,1439.0641766278989,b,735.294764197442
46.72678748693757,-5.536146491971667,454.5734609267313,b,791.6947046168636
54.0462858080836,,1040.4403903861999,b,894.8223579048281
58.00563601377865,,1463.8315831754185,c,148.62175415451645
40.92421033166398,-6.319925194255347,689.6367689892506,b,791.9195369431441
41.44117021495449,-6.9893327671221845,-1081.1202952637545,a,75.7534530586484
59.768920721886424,-6.713599602542257,-1214.7103780843554,a,191.82415724789337
62.77601258128112,-4.955129775993617,773.0269370141318,b,753.7991163609827
30.14830721681897,-5.390662616631803,-1358.0755346176009,a,106.0295545984034
52.9845889305239,-5.386385572508549,2429.5239588843247,b,605.4819393758163
41.89464189727012,-6.787054713005738,-930.4274484284834,c,314.76130029273185
39.282724877297696,-6.41851419381176,175.31831708605978,b,839.3428829969034
42.96739928791115,-5.225405935562296,-375.58697298590675,a,93.67792084332592
58.798122285855264,-4.428562191158852,455.173246222624,c,255.52424436618247
52.014282915227284,-6.222458471726074,847.3617930188145,a,-48.16111315520189
56.5997481207298,-5.719968117576974,262.212323483712,a,72.1143539007931
37.88760511901443,-5.479700782523033,599.4471903937108,a,-60.72930988145657
70.3160416173698,-4.521876684851691,-316.0240610989266,a,259.72770453045376
62.51669001501125,-6.843830935484103,9.182448308577818,b,1042.4096588259792
37.81598949569826,-4.344199377963351,-3012.844056755765,c,499.9844025543622
30.393164820437693,-6.370271331402909,823.2367147144857,b,751.3674071590965
61.37026480910465,-6.582808567524757,-1939.0252571022147,c,506.1439777055735
47.38543130382892,-5.755103934733597,-1736.6313912340497,a,216.0944212065831
43.714933891137825,-4.275304424244622,32.74498783214665,c,247.61168048350459
44.49521631749532,-4.597980892888641,1836.0481797538287,b,538.8575520538865
47.873607893922376,-4.041092623551673,-1049.742319053156,c,361.89844410687544
51.70766366051438,-6.655769291362285,1193.710332261602,c,151.0212040189612
62.874126444964205,-5.718196279949314,-92.26512074621414,b,923.5602420152788
56.785085242539544,-4.7453440870464725,-590.432190543087,b,840.7495858544892
42.35646323917535,-4.690708273047843,-1377.9755867468202,b,848.3531116946021
49.199165224520684,-6.158919537460477,510.9937878129408,a,-13.46576042336946
68.17208676661906,,1296.4968863260226,c,210.0558534889687
39.555007870445436,-6.994351631730675,-1142.5070240109465,a,94.11922504336857
55.42041306990181,-6.568365920121969,-1544.275349894065,b,1123.5931393877272
57.7629969378902,,1013.6627492063342,b,815.6165884197559
44.30941729781135,-4.843165915591832,362.3816345497976,a,28.428931218879683
46.992445553927105,-4.1891494590764395,-276.6844409270407,a,115.89228386122265
45.972511101575215,-6.620864451754511,74.4490530067539,a,6.09638643773971
40.19756766000735,-5.600485469645862,-166.4607560183449,a,35.4540620064314
52.78535977331515,,-332.2119111121814,b,779.2497900921525
31.28828545289523,-4.664184658320451,1055.9064079261448,a,-117.0012069996962
47.1802171539909,-5.162874374912516,-1067.6942393701129,b,890.2154323094001
54.85657366510569,-4.440732679196815,-1033.9089772525788,b,849.0312020445692
47.990832955154644,-4.577584029050872,-741.3362479637907,b,806.5642388327486
32.18944582752633,-4.511654512588624,-1300.634826836008,c,304.13156079741736
54.59612148893356,-5.362615400708498,-1213.5568745547314,a,220.8813993845253
54.89225442080842,-5.865876778388747,1126.1951961855075,c,187.2379840408317
53.09212468482081,-6.432928338735611,-113.08779373471495,b,958.0106792820185
31.88029460042445,-6.352467755517306,-933.097373851231,a,29.26407912011561
52.07484438197258,-4.675695188002155,-48.05030188403626,b,767.38571737744
34.54886138272725,-5.082548747107307,28.91066042114568,b,725.3513767127472
46.89130815990252,-4.320249673235994,-1191.1943304436272,b,811.0057817673406
55.82043279094427,-4.904241183114287,-1219.1583333730664,b,919.4690946645399
51.374244808148035,-5.20195869327671,576.6828580105415,a,26.070322665959367
68.18611630483858,-5.740129235416008,159.2638442051125,b,929.4220285990373
50.74136579450989,-4.012129190507972,841.9355527167072,b,610.5123313864696
60.13388817530992,-4.828800965238095,-139.84057813825723,b,832.7657168389054
35.86775623402537,-5.144127544922847,344.92280620251427,a,-27.631956647406298
37.58274077870503,-6.578902510393496,83.32542124175058,a,-27.408652832778557
41.3840922985575,-5.10021274830391,-203.9069870747536,c,244.2211982044237
51.60360573907126,-6.288269514808706,-493.05146607498875,c,315.45573656218687
43.95258772599977,-6.262402647043976,-783.9140222735258,b,959.4999306458681
63.26966078775192,-6.426135255627964,-410.3201207176348,c,371.1765737937656
60.83721666734098,-5.975320983205709,-788.5657284823106,a,186.65896828214306
38.529337776143734,-6.0983446008162,-594.3894917714836,c,266.14073631474315
52.756786503220354,,-254.8272418318396,c,304.23092367870925
55.91312008099328,-6.188890249695698,-437.51161093916824,c,331.439779139417
55.83666236059994,-5.264575280624809,827.7648328959447,b,759.4903718843346
57.61430356310317,-5.608195376229656,-1016.0087734970895,b,987.472566881291
28.5316012755925,-5.64912835114698,-1134.0361396498688,b,857.7317967277463
60.53601532844914,-5.149304094718433,502.6294092502019,b,791.0603218004076
46.48978758444998,-6.598358123988258,609.0978282958747,a,-36.72926822074979
55.15121291281847,-5.781625470180682,-154.74174386604867,b,918.1508674329527
47.6862891358432,-5.995793162411086,-215.64965508536778,c,269.53174146457286
61.63460980912244,-6.927517295942877,-2106.032393443953,b,1244.8501351520174
38.420066039073134,-4.275918054073675,-1831.0507571844137,b,849.2188757592824
50.69413453367276,-5.648122958808094,-399.80893535127893,b,902.1348790019968
43.77734845304234,-5.629807315033753,-833.4230087129322,a,134.42442556326614
37.16314789576445,-5.938372616465408,-2368.344281493145,b,1067.652319961434
54.42561235495152,-5.081838443494504,413.8358863632682,b,788.8827850410082
45.371437281394435,-6.520641163309389,1067.8006512588042,b,790.2264397811006
60.1055061974291,-6.058875564708692,261.7945634219073,b,927.0973082381324
50.009980865723264,-4.460828847119769,-667.6325899909889,a,162.7932416137667
58.851167948086285,-4.618649173534206,-2804.662237427978,c,588.0324820220382
60.380901177408994,-5.802413832369876,-1725.295768391904,b,1090.3315145103147
38.78421256555862,-6.898638451893575,788.3605552543795,b,826.0541419718152
54.54199919291143,-5.618000010516562,210.50133112515613,c,259.60111910179194
47.384729718781976,-4.167377225710271,-39.46820724334722,a,122.3845159177817
54.129727247369374,-5.679989780070565,1369.760238661189,c,126.89214779989337
54.77132103368405,-6.717803032388093,-617.7587241372107,c,348.2504329046199
37.047430301014174,-4.697855546029078,-292.02122812385437,b,719.313043688218
67.41918340622188,-4.063552873257797,333.4992732679241,c,317.8333786323444
43.51653618498464,-6.831442485723649,-1.267567211375905,b,929.1794731030587
46.318538228392235,-6.253849715353498,-1347.898335176066,b,1004.4245742426396
54.26405120810701,-6.684751409152875,-1126.0461507318657,b,1080.2432313856898
59.818302871216986,,545.8688709185318,b,758.4795341463906
73.33082819509531,-5.516903104840317,-1820.471993569825,c,554.1295666013029
43.45858064345032,-5.683298830592299,-2240.3855239494724,b,1050.3374447692331
40.757902145856875,-4.1110027146740284,466.88659513473465,a,5.242846916157077
38.6231923230214,-5.7403104996222485,-553.300515483251,c,245.13186828027116
66.8827879094216,-4.562947614481393,-217.11194657853835,a,192.67790436087378
51.5953681351274,-5.677753967983721,-2518.4191268917143,b,1105.998525069281
54.04736196993744,-5.223775292688217,-694.4516774047768,b,902.0900478639186
36.510953808920654,-6.487951307048569,0.7182046105029372,b,865.4330682735512
68.22870560604498,-5.838698819578141,613.6320322768133,c,284.61881226491954
57.72142246693563,-5.007943492477133,-1422.7252774150763,b,974.2819916876228
40.98775804402449,-4.966359819686144,-1303.752572490106,b,860.2122286344113
53.09977642750538,-5.395891049526537,431.3033675307249,b,804.0479968838926
48.55881423130532,-4.628448659771202,-1108.6485157597685,c,360.13971923510326
37.085425961023105,-4.361076411490751,321.9899431312458,c,174.88468776946192
61.380658349297825,-6.02761188378317,727.6602066984175,c,239.58907315271227
66.47155608248042,-6.738834270922641,1928.9309859876885,b,845.8464400665358
58.04011958272345,-6.128060321604037,521.5606946794389,b,873.4852030583628
45.19308297441916,-6.102353097333616,1273.7181304004237,a,-116.52468415036012
56.15357796332692,,-653.9377024128,b,961.4159325987036
40.60546096275712,-4.1873063344366255,-123.07717278350106,b,666.1064146999322
40.20445854804124,-4.820187564642406,-1280.6408623578475,c,349.0627423162643
45.253242191561114,-4.853830389749744,-2232.834635087636,c,480.39635307836136
58.422713600960876,-4.6242133746836025,-1148.4670341404126,c,407.19598532202883
51.587807039039866,-5.93793592607936,-665.0075053136095,b,942.4276692514552
40.78472871454092,-4.955224873375041,392.96955356881585,b,728.1911199354972
70.5640200246014,-5.12331184026365,855.7336476636262,c,265.6914186721481
53.09515856282937,-4.843025813654195,-530.2641534497645,c,324.6561945597632
45.78203782058741,-4.500575799400094,-795.3835081917416,b,793.7294397482569
36.93215001485297,-6.741274403268495,1373.9365844133538,c,41.63825736259207
52.206855488442216,-6.903009905122589,-2111.580535721133,b,1202.55422921042
59.80797832695395,-4.8671124928266565,1552.9144216186362,c,148.47640397277985
39.73423498666445,-5.163568460536151,-1679.7117438932985,c,385.1728885447159
57.26673965456186,-6.151351945934822,-1965.4794064564278,b,1125.7356663889634
46.548548929178175,-4.466873348158793,-327.1763861687503,b,746.3250080924247
61.01938604734479,-5.24515892979629,689.5668166696814,b,796.5360402900052
42.47241131920466,-4.908523335663307,812.611246512691,b,647.4433376446565
52.33895335169807,-6.7971103995966615,248.36706645527562,a,-6.453181229853328
47.869604250687765,-6.737272306203095,88.69589845239818,b,936.438077434561
71.24518910645887,-4.603385619296306,-1215.267101741399,b,948.668445538016
31.702549293547044,-4.6941777189171,-357.0668854512246,c,206.10179314614882
50.19686762259722,-6.6965160871045,416.2699951918811,b,926.9183645031828
67.78989988877291,-4.620535524060358,493.1599420751303,b,776.3229012475565
53.95122047835938,-4.047376662921865,383.2728482342211,c,238.5996558845832
55.640523918667284,-4.352536836810397,57.536260282936894,b,738.2292719323334
52.92358772912697,-5.023586660813168,-117.87536118907173,c,276.83529255276
48.19818810049407,-5.187054587951171,1024.799889634007,a,-31.624995105412125
62.33879020729492,-5.908274588536457,-1788.4965536103591,b,1101.9974804910885
45.20762908326437,-4.3608390491591145,-628.7271376700154,a,145.16424459294703
58.43442428466368,-4.337674114947712,-321.199139773244,b,786.6829357814051
63.610443948207894,-6.489493801649283,1267.4469136422385,c,200.15240761581595
23.78479564438581,-6.057046291705001,-1281.570552625102,b,865.8145284716899
41.86510198293732,-4.934001146791943,-879.7935001298191,b,811.8519597438708
38.32756138637759,,752.8104339028689,a,-79.99451222768056
46.581210911024215,-6.469064527523153,601.2542862639318,b,823.0010692644627
40.77705417445729,-5.189031257736122,-221.82113250669252,b,785.8616326810842
51.02185352902334,-5.0254035822768826,102.89480707135613,b,764.9011717594153
26.57723817668989,-5.133265272325134,-253.76229605891547,b,712.4915679719479
52.31048519389992,-4.267690174960261,-357.40186823588795,b,760.7817951885454
62.32128832434796,-6.044112796172785,1307.6383569176865,c,198.62553776858456
52.5401450618057,-4.623840573259691,-495.6059680416929,a,172.27489518470512
37.7168358485217,-5.786216567746549,-103.77794974789543,c,219.18954365477873
47.85682380125115,-5.072985707880911,1300.5648949680726,b,646.7354840803848
62.964289523954434,-6.239808736889177,-737.9544773069057,c,398.114283304576
44.6121146901172,-4.1342304252845805,-337.02878528239603,b,708.5231435370014
20.944022298023196,-5.93922885080047,912.422483723245,c,10.105836258620634
36.76393267976502,-4.885337197123368,-1811.5915251598472,a,199.10260840919818
48.78375070064602,-4.081737534849518,-241.05965661488545,b,689.595575889
54.53872513854511,-4.339613676890362,561.4873063894574,b,689.4663392121913
43.23943995952989,-4.07660583216018,1692.1144346524757,a,-89.9422587130588
62.73839499053139,-6.71836501749978,-2640.3067300981447,c,593.0397513280586
63.26980921622754,-6.886690386235279,-308.7800640196049,b,1061.1468277246304
60.40258347554867,-6.5630227134518115,2339.011454816055,a,-137.73707552013394
54.43923192541823,-6.013126986782937,726.9067633244626,b,828.6850676707422
50.40084032741708,-6.130914612483826,603.2846621869944,b,845.5269765855245
50.39525984539704,-6.2969036409421815,-603.9141311764679,c,314.6424518770267
59.7395741679712,-6.334995960769296,1317.6450650520376,c,187.51662176954014
62.39516826740478,-6.061349536213483,633.9089733993849,a,43.62474333472824
65.89984003020122,-4.69827486403854,-6.801011570470422,b,838.8604619340415
47.832992059034495,-5.4749856897270615,-657.2343630679987,c,323.8058637092659
68.21733429505466,-4.443088521682479,-273.73874583396525,a,210.322311742457
26.21390906508588,-4.290260571515048,-5.371761045156887,a,-7.9808740077245375
44.11793547599591,-4.199489307301077,-754.8844423073767,b,751.304004732866
62.682627704041536,,-690.895209988772,b,843.7330476810498
65.46404835008886,-6.01551962813198,-1537.7168685030763,c,487.7360957447391
56.707542343131145,-4.61888093475986,2368.4566478914103,c,69.7888982222798
40.289617711031894,-5.891951558001217,1849.0357277558091,b,640.1631907628748
33.73772541156816,-4.071084202908413,-87.66026135209654,a,45.929923984923846
73.07322895686917,-5.365693803024291,-838.2135877800334,b,1033.3429697011297
40.58100862789543,-4.758430576801781,-730.8551290285108,b,770.2130916466418
45.60621305017515,-5.95200996540418,928.9288893240503,a,-37.038867534467414
58.976701319111626,-6.196023076089521,-87.4036457642492,b,966.4565620092745
48.34388817731562,-5.231598914497012,1015.2793887908672,b,690.7585232867958
45.13291178363511,-6.406430778635027,207.30434617202258,c,207.42295442232876
55.06332928976608,-5.613143486232436,685.2216071213631,c,224.95534374221563
41.23027942233502,-6.478821196651197,822.1275231317954,b,813.5891129284252
44.88051880569789,-4.542359985213815,778.3682047421232,b,621.411004507687
36.42299984479296,-6.060379049777936,-80.84324227183026,b,812.16669483521
50.15217305033237,-5.745572734507943,-836.9172310368032,c,355.1455715614618
57.393133483885606,-5.513945406882465,1662.9706432852545,c,148.4364243100804
54.63111374495661,-4.95052057059976,-937.8667716834794,c,386.88632968363174
38.015327127627415,-5.754341353356975,-1727.9958686223315,c,373.93625976177424
54.88157305751645,-4.73859959230509,1545.1637083786532,b,624.5096261365903
64.26152410316034,-4.214487559619434,888.5887564169323,c,240.39715628477776
36.9448230427751,-6.374231228374252,642.6758854503692,b,774.168245679833
55.4256043730466,-4.405554361579956,529.8157705819962,c,230.77691157990046
39.18148678762704,,-899.5196827038769,a,102.31776122048143
47.49124823305448,-4.238573049021847,-1233.3274955093539,c,358.8105359571008
39.740020996130966,-6.880171483479831,-148.36484565466355,a,-20.83995609157168
48.44277651072622,-4.493286407029721,-669.7367776212832,a,148.7297501873993
35.94959680856585,-4.405632238660541,-613.068134854472,b,720.8302144163229
33.62932802326792,-4.765683568492734,1913.2949022201724,b,486.6535870658985
45.8623785343244,-4.8196467444102105,609.7098104499304,c,167.7039181344394
47.022730881538045,-6.682916670612343,827.0605677142653,b,854.5715232140467
68.03688196937486,,539.5267841935203,c,296.11002808186237
56.15377470303468,-4.323834139825907,-59.165485334985334,c,290.6900220080336
47.476150204812626,-6.635222964247566,-96.15614449057509,c,250.70163336968986
42.780987411435554,-4.1182070473282675,-311.1262264072838,b,703.902570192416
45.97780326824196,-4.369482045798967,827.9254376878007,b,606.7760678540299
47.706801294807896,-6.4950594425366655,-1301.9058479876705,b,1044.7257071294582
39.470958501253776,-4.642639295729999,47.992109516612686,b,682.0079855988472
62.00859643093625,-4.161255280532675,928.028160373826,b,651.2165782763217
43.25015378433517,-4.090333164282695,-1442.7716928359741,a,213.54650221785766
41.02262943140808,-5.609265347801527,-703.6989283633395,a,88.28674344408248
70.91935802013109,-4.585264789106574,281.4532182360339,a,177.5023027176189
40.726011686912564,-6.135368033335382,-310.13351138039843,c,245.21747444439578
52.93275854563668,-6.723351373334747,-603.3955607352082,a,102.83336127800001
52.88752405935142,-6.766744076797068,-1230.965702077478,b,1093.53317482904
58.317538738577746,-4.078552597165485,-576.1004260639414,a,217.59543811496442
43.765445628369655,-6.96202447873766,-983.6130672033138,c,324.65823250110213
52.82410807171601,-4.2954814948212245,-304.459773297579,b,763.9179256181249
54.80668303823502,-6.062390389688741,1101.237236665294,b,808.2895573424189
57.54562518361985,-4.687441991768487,-1437.4810025863494,b,926.4097345035657
55.03438253136056,-5.2814908250628445,-810.5301380276791,b,913.4984059942883
56.617063583571905,,786.3185705534347,b,730.4790486673337
46.72448372366731,-6.005271522628862,-1366.8082308710113,b,1000.193502365529
73.14977521229505,-6.70598773965709,1700.0424504425857,b,897.0914218316993
40.091114138228626,-5.389802616223406,-1471.1721027326657,b,910.968182007261
48.28584863788283,-4.386581598106234,1783.8005735919965,a,-122.60602673476298
44.0444420164623,-6.75052566278091,-606.4156561409186,b,990.6026274126068
50.726350857030496,-6.156920661487428,1742.7271457262775,b,727.0247624093686
46.42503437691131,,-215.902907251343,a,35.71815753182716
35.533230938814114,-4.119660434735907,-791.9935242360641,a,109.77064373243766
65.4435585112144,-4.3244408065392115,-1173.7358710604708,b,919.6508900424701
54.70372492659029,-5.115180547574646,638.1503462458885,a,34.83927327630519
44.61761714942773,-4.009422692122306,6.426013770794384,b,633.0837006730803
37.836907822365035,-6.768154965844962,721.2468352281034,a,-100.14699997188237
40.51727124970408,-5.4321566608379515,-1499.588495815338,c,365.1927110943897
66.51141642558991,-6.964133305592114,-2299.2550685364326,a,360.5443482115744
41.529943630761764,-6.476120153642153,-1582.1241987460626,b,1041.0808362892803
56.081087238602635,-5.3959577996055925,-1324.096975561014,c,412.3669755138582
56.7479582039058,-4.475365280553586,-1551.5976069084056,c,449.5261939705442
58.79687935687089,-4.702289132308172,206.88261829896715,b,767.7341255614582
39.218515837024434,-6.829840645775813,-728.8167767907539,b,976.8458297389056
43.84694968758445,-6.794931045798721,-254.29447897334583,c,265.4680016788524
68.53626175973437,-5.123471218614844,-873.2610090995923,b,964.9663788491787
33.109363785099475,-6.051494606484941,765.6283398726067,c,107.72521642823855
66.32041961557655,-4.368527055300261,-1693.2725904130275,b,973.1364460083112
50.47075253235334,-5.32737731498734,-461.7441587413431,b,846.8803561647975
50.55735152848731,,-1051.5354392938223,b,897.5802222160287
42.03060008013425,-4.952321401604838,941.8792251777677,b,642.8551163374265
44.717017327677326,-5.663333915275876,646.7657402082318,b,766.0059613992546
53.465051611957136,-6.367911547117769,-1243.8390654707916,b,1067.0922351766058
38.59247704159407,-6.837990561392787,-797.654481365188,b,987.1287008112078
59.942046310541,-4.159288991587978,365.45122123404974,b,724.1803802168845
56.47369090036395,-6.028273665728291,-284.2143802706373,c,339.90878010768586
58.2358032577235,-6.366685209940437,-681.7180736532225,a,146.98703120968753
62.65748774646467,-5.967837417254831,-393.61745599998505,b,978.9905149804813
45.74135410580736,-4.679447619139092,306.95870985861825,a,44.649771524783546
36.996402027620704,-4.15183013906003,-1049.901317304963,b,738.7361477944614
47.53258725379244,-5.718818147755149,-644.9009286704036,b,899.1564340861325
43.793597565704864,-5.259918696764804,-98.97114671286963,b,786.509666862713
47.095171163217685,-5.176039748813398,589.8946438168729,b,725.006243970193
61.63757840559765,-6.29346747424917,-394.12770588959324,b,1017.3146786177083
48.33266126295491,-5.52580318355262,-990.0099030393812,b,927.6521170892017
71.69622051089223,-4.774021154796737,21.62460624397727,b,854.7936379176317
50.20670690233877,-5.624917200863722,-1187.858844764402,a,189.24897513841663
42.92515596145456,-6.413151230991147,-827.7810128324205,c,296.6127654633603
70.40060017022392,-4.417486530447826,663.827726748456,a,119.77403704801685
34.1886714694586,-4.3993206114445975,-42.51407785653805,a,7.51661069536172
44.819067617537065,-5.704574656389115,-232.93609263836663,b,836.7374759834829
42.690563417297156,-6.092064354878326,96.19355411555756,c,218.22803011226972
49.73028054208844,-4.694873314324058,-43.88318651073709,c,267.49540474868303
61.06002676750502,-4.858998045459037,1744.6994304186737,b,645.2253159669664
37.10278539056839,-6.6977687772469,-908.7626733507063,c,287.3101734577531
47.28574746059207,-5.581808235876318,-771.0196197258542,a,140.28028418019332
49.86384625243335,-4.505111465283413,697.7071363765049,c,185.44832026609328
55.520248015520785,-6.240301164587714,-1149.5475916253476,b,1045.074216104499
36.786494660492,-4.884202538958232,591.539556565594,c,136.83058159306685
55.152010757847435,-6.877257924679268,-74.29975342319233,a,66.81273519358592
52.8544446351521,-5.425838408067232,493.77392127692553,b,793.2008864927577
64.40640232360428,-6.836949218539991,-365.13583969851584,b,1088.7901315492547
37.43550189362074,-6.4807120197216195,-171.31354853909332,b,868.8903931316244
54.28366928283368,-5.602951825978497,1264.2933704858951,b,741.3612067035723
62.012494935846526,-5.546230210948721,-963.9510885799367,b,991.1252249179937
66.2212374513226,-6.201707737034063,-1730.7136042411837,b,1162.0212946884094
52.44522240699109,-5.473981474679726,100.63000600363716,a,55.886621948621666
43.046007494229656,-4.448917048080202,1022.4916131403982,a,-38.710042831565815
61.629784431394555,-5.143561729096966,457.9207990368026,b,806.1176586131728
41.19549797682135,-4.255710406748077,-938.0828036215588,a,156.89826769436237
56.34757158594426,-6.693902586915429,192.46139817044275,b,964.2706102131324
61.033408961309675,-6.252682739517544,380.15879745529537,c,281.39521103110997
40.35469096287627,-6.13602328378543,1077.2933388157503,b,721.0024380198433
40.580908829449555,-5.249697865557378,-714.286652459761,c,285.166361331615
39.97412661770262,-4.773847906683358,-428.7044159433458,b,773.0110508452412
38.38536188374032,,-222.83902631862898,b,828.2828132851101
50.41425888105421,-5.7172271275817685,568.150048355525,b,785.1961231316097
57.82897863308732,-6.660778997701527,-923.9677842229058,a,151.6812622069604
49.99653881285834,,650.0792232679806,c,205.45912818455648
50.76356834406851,-6.136270209558018,855.6047537344716,c,190.1576617835552
67.82644524967174,-4.9662625834951175,-1415.2711215707077,a,305.89813991596077
44.13968196682365,-6.457535885651986,-823.6917002142721,a,83.75911048048428
46.01039051222827,-5.1884123007590075,-596.2819504841377,a,114.1311053759334
50.844893408066056,-5.649893004618873,2420.280114790342,c,10.342740150166087
51.07831423710851,-5.7969560791945876,-641.7908876284864,a,118.49342053694997
45.39202174417382,-6.775037370373242,-1797.4520360844285,a,189.0609331900562
44.766511046458035,-4.979427039591943,-972.0480951242816,c,339.36862563699947
66.66276446766648,-4.695645926367678,1396.5001207273297,c,201.31643933365189
43.777458351671385,-6.592015584451309,-2166.601776983924,c,448.2681508626975
43.29035593760125,-6.319824433986902,-134.74538782653627,c,253.04921632619045
54.238747550237626,-5.334320575157791,-544.9577225640976,a,151.70136702393788
48.983446231140405,-4.474117814197582,-1710.3012920487934,c,419.16641792360133
32.20737819873352,-4.895279333081331,-3182.1918128200277,b,1024.1899784448656
52.120430942264385,-4.395427426374896,351.120857453345,b,708.7238461528881
54.09630946255343,-5.952380814850909,-2466.2261711272613,b,1154.482315005555
43.538866564007385,-5.803400892136472,754.6435064170263,a,-58.278018045026215
46.89192155005267,-5.452244478270064,-224.39333259390338,c,276.5990712323369
53.524506936367764,-4.03141723916222,-85.6091768937427,a,133.93711010492652
50.62185780697928,-4.329586840263948,1384.341163714814,c,107.55005562081037
46.788153768393684,-5.531677570398537,-2647.5076415889166,b,1073.3255655560827
40.66415265024263,-6.866019825303299,391.39841769056284,a,-62.184468066473045
39.113966351416316,-4.910554641606879,-761.3660977908348,b,798.4664321291465
41.04147841159143,-4.204771075665857,731.208746845138,b,594.4217283211328
72.0000617150619,-4.029156159769933,334.9503859031955,b,768.5683154162851
41.724835824762025,-5.168794436058473,-34.044173438478964,a,33.329737146332036
34.85411217765214,-4.026004132991126,-307.1223192757534,b,633.50357457703
45.48742500937307,-5.014054046182987,897.5482585452119,b,658.4484245360993
44.83448190934861,,-729.1904007463222,c,326.01998313126995
48.74857917759165,-6.269322319991498,-1590.4298294812031,a,189.93607523528397
48.14072352244075,-6.453131851431929,-1350.0436083716982,c,395.5633358274076
51.73148615788962,-4.9639688745990345,-1482.803196469469,b,942.3926138167842
49.04806377621468,-6.356474288319488,777.1202882188959,b,836.0527031614681
39.96975391091663,-6.646235598169707,421.71470891132935,a,-56.55513607466699
51.052999493231226,-6.325055194393588,861.8852391934538,a,-39.41763276418908
55.79086702046403,-5.512332251800046,1008.0746797575998,b,761.3833336207105
46.414639002934095,-4.283029844685767,-78.47819197670324,a,104.04589444812132
38.95151934829794,-6.914982221309569,-689.3907222083355,b,984.3316611878453
67.50457089473929,-5.4873217968496935,490.18748109012927,b,859.5905241821754
35.63174559650623,-6.592772031854635,400.94164946484705,b,832.7180929549627
66.13308590857706,-5.854043355783449,727.3810260892327,a,46.21995459020914
53.10512970711555,-5.955284749812286,-1768.5250874416495,c,446.77528312770477
36.88342917219899,-5.432554935940568,-1296.6465044256706,b,883.9591813486736
48.311162712416916,-5.732117891177799,-682.7052693050553,c,329.9576061457402
55.883119109983944,-4.550249873755729,60.37111511154649,a,133.05888667379122
43.08844017941732,-5.139756345411813,-668.291721200176,c,286.34287821288024
41.2015120154836,-5.065765634910063,-502.80942072431503,b,789.8279568326982
50.15096402752607,-6.315584076359992,-360.41735529441445,a,93.55205513775343
70.6803352593347,-4.606919064600724,-514.9579532782651,b,889.1912861140534
41.37242680123539,-6.142238975160856,-1592.1730044563656,c,376.0288629213928
52.19123562171653,-6.490712845652583,348.7024894731303,b,887.8883114852092
32.592169503700156,-6.1423216565019505,-1160.5156791639615,b,950.2123761047317
45.381803030895625,-4.366449143944619,-847.8977825883819,b,789.0512456658366
61.61803512516203,-4.674408001367173,410.49831255550123,c,284.0505123249379
63.93703891093038,-4.0659402427955325,756.7494687866549,a,109.79949639111004
48.328883494947135,-5.011141053704325,746.4691806542336,b,702.4607222242057
52.21710019494204,-5.205579947549022,507.5321966438785,a,44.01063619416692
41.05409069684527,-4.600184487853756,-2304.026779813979,b,938.6326939138875
51.18622677554153,,-506.0842284069284,b,754.794251653421
63.38484717036327,-5.052426164769065,1368.0849351102154,b,718.7819238169434
27.58026492847542,-6.153291710250845,536.2019127163461,c,110.48985387790496
70.61262207842107,-6.5899580600929735,6.341503628019439,c,365.2196620394145
49.85997538713533,-5.883427533434544,-266.2113456405104,b,897.9988263918815
63.181205665039386,-4.96639296001437,527.6525287924064,c,283.0068861330703
44.65888298102381,-6.860933103563482,259.23649718510165,b,923.094616799912
66.75298498299114,-6.853588562380403,-1008.8737246023438,b,1154.0286144976283
53.44801639665226,-4.264479880726915,19.372807052859912,b,718.1235960482629
41.82435773413489,-4.811725419564083,-344.5329907856076,b,758.9515302626187
49.952116281308555,-5.911656289327015,40.780447828602405,b,878.084671168327
46.64123021967548,-5.059090200242513,1381.0363903740938,c,119.97072030420762
39.09814679754705,-4.535684394335505,-2339.8794793796787,b,927.350347729549
39.18484781202156,-6.303747403368146,-1021.6025901125121,b,948.568499557424
64.04454698843688,-5.946163859106065,2275.4528106913717,a,-78.67832240859119
51.09429861053417,-4.702253904326476,-408.9163229819754,c,294.5147812932723
29.658729002511773,-4.096338082932168,-56.58830208363915,b,595.8975903116541
51.22420369211649,-4.740710998504818,-88.5262903269018,b,780.5660373202409
36.041475850807124,-6.245479972725738,1602.7015946245951,b,657.3168399225009
34.86629449914906,,-556.6380076138034,a,70.54677675217891
51.88657508188687,-4.619279948865469,1523.2613142038574,c,118.38463675904688
48.059462006080494,-5.539835972009103,-258.77081428945604,c,275.20200267330296
55.33729514222152,-5.444664736014035,-570.7183269916836,c,339.9272849648669
62.68758849575707,-4.970179580831143,1354.6100790769567,b,703.181586166415
47.9011171288408,-6.963979460693562,-522.3953527848457,b,1015.520107987573
52.95960234879369,-6.639131506765431,306.2969917009402,b,922.431609743056
58.364954194129055,-6.59810575436327,1021.3549747032705,b,867.5197086291619
65.44980936956725,-5.2388765162705075,-637.7579711390769,b,964.0517523229937
47.60322186760418,-5.204624666509542,-2580.5902710523765,b,1055.0691478140668
46.325828493416594,,285.550149682436,b,729.0680700968833
55.92839740895974,-4.593363827080903,1154.5585834427764,b,675.5907012331538
40.85123090144388,-6.842795133316468,35.602015498965216,b,896.061392511051
46.71183316443363,-5.298512143690549,-666.184771496448,a,130.39219670091924
45.047630701758195,-5.895648798684951,-86.73875752384353,b,838.6700235602291
42.559179337946425,-6.8520903441455925,-1879.0149471788973,a,178.58724011970676
53.04473564164825,-4.489484563033713,-333.36130684740607,c,315.9765460089803
55.24075485240173,-5.760584129157289,420.0895782289998,b,849.857775291304
43.84559135951831,-6.126459854609805,-308.1054745137709,b,893.2190384646567
57.09450050307807,-5.603224169819059,1085.2438274244412,c,186.90423830711524
38.29425241081017,-5.881937884333709,-157.49019006635507,c,208.04194399538383
49.546155224100325,-6.344366165303586,-2038.810061710966,c,478.54099936725163
39.28779752061567,-5.783437825618485,-502.9161133307676,a,59.53341596171771
53.07032742858911,-4.971080873543489,200.17032306022372,a,74.75225381109942
53.813286210918434,,-1342.505808072883,a,262.6503729902346
60.117513553144434,-6.535764040238153,163.05646357616632,b,970.0559040706382
54.20995667570808,-6.543929086276007,-934.5416552217051,a,147.07381918920268
50.603700081191946,-6.208476326468027,1429.603800387064,b,762.266661689155
51.05651885202166,-6.934051242292853,1333.5383886984023,b,827.5054912659663
62.00803961732812,-5.07687512037338,-788.9056801809339,b,924.8370671491347
31.230051267335796,-4.272775314755005,-181.7514804265152,a,48.73189132503913
58.46598119493265,-4.927525899440576,-116.25633231512052,c,315.97297647788537
60.1388314119132,-6.415880948952413,-2531.98226909856,c,555.8171747727886
58.823906735431905,-4.536287938052144,-1898.1093409233417,b,976.583824609916
59.75715343582252,-4.826216609921833,-678.95207840541,c,367.88832803707595
48.67033071146305,-5.960924376693642,-1652.6052881624537,b,1034.3666246162202
33.95261524639061,-4.594407407885869,192.2870291790415,c,141.09099017018593
37.36278278111939,-6.306380435114681,-1062.9756981041578,c,302.7390428476759
68.84677264753785,-5.761374113713117,-507.9301146090504,c,401.8171731664472
54.38399697110173,-5.004092233461508,-1567.1435690492644,c,431.80522438633676
62.28061044784429,-6.7350236302279205,-385.5791377810005,b,1050.7061826464142
60.11281939604105,-4.435770802859169,-636.9439862777174,a,208.32111055895564
56.628738410648914,-6.149545820793508,533.6099870146434,b,872.0275331134982
42.59992100816592,-5.631661887677067,287.55314906763795,c,215.63246206419313
51.636694326963664,-5.692495067900302,582.5605193562394,b,791.8153561902172
35.290262104296644,-5.403666949264247,-426.9808411873816,c,214.95699509684752
39.86194809231799,,515.4439782224892,a,-58.47797600645674
63.92660909372093,,902.2207852855063,a,52.27512769374448
66.19892240538735,-6.339946471442611,-1861.3165794535648,c,527.8029534199042
51.40703005430364,-5.678869257481478,560.8696818349728,b,801.3035098706089
44.88873624581959,-5.626276945335677,-32.235274511414616,b,829.4372377648087
44.01668508383898,-5.301055310754445,-1004.5553110038318,a,151.58736909187138
56.117391275043204,-6.785760854079124,1634.1727475324865,b,839.873293914265
54.55212383920904,-6.654427237640974,305.87630079132384,a,23.261751021176053
29.242553431624117,-6.7959024307188285,-659.3721368715479,b,932.4455255439059
59.27888378146194,-6.509520461021274,905.0388622413655,c,220.84776985715234
39.54583848534666,-4.586562219517825,1378.6438605389458,c,75.4632042077204
60.53039416564346,-5.886128641402898,-2310.6501864289403,b,1130.4875031316678
62.26548877004846,-4.0451406926067275,-1777.428661926834,b,915.4325733401163
69.30862062912631,-5.311633809927784,174.57209391622172,b,889.1492636000014
47.355800179088384,-5.379474999126283,2.8366813360742356,a,63.87575827575645
46.5369209725834,-5.884237212668376,-372.5995656963265,a,83.00976798199622
45.607690472524695,-5.883685971347429,149.5607259302651,b,830.6797786883772
42.00686502885026,-6.847871635455155,-288.73188946492894,b,922.6100246329554
30.943926559826732,-6.130595520434245,-782.4908098976537,b,869.8966255072264
51.40541799416552,-5.5910589144745355,643.6577260367502,b,769.1819289237449
40.14986776805222,-5.127224603756117,164.54857892369864,b,716.1078396102018
44.73229597907677,-5.160468937859438,614.303755544394,a,-19.755804186098686
66.97092621839893,-6.287196678917477,264.2329854995884,b,946.7082970717536
59.675326324110024,-4.100934943352847,-551.369547237027,b,780.5561919335958
62.82048405866894,-4.192774889518623,250.39188083444753,b,735.5608123520135
39.33520953992894,-5.5965626767885635,-877.9767740500365,c,293.63730944295634
48.65682720017684,-5.735300882261422,-1131.4761495995276,c,389.1338305519447
42.850526149674096,-6.271930543066512,1763.702512816749,c,31.633506900160548
47.166310269004185,-4.392138931441455,310.38055477158923,b,665.8429452044204
48.228976426543795,-4.0923919677997045,976.3993677958808,b,588.7715846690486
45.385400442213644,-6.302637183457297,-652.1267489639561,c,309.7630592230435
36.64600153123371,-4.892052317506581,-116.00468849202929,b,722.5514340724144
40.1146442853603,-6.948352505967723,217.09198479343326,b,890.1496218130998
45.28811246317473,-5.055864639306961,-479.72485898286544,b,814.4582275571327
49.15690987431489,-6.734948935904097,-738.890334777949,b,1019.6853355273543
44.08696207753231,-5.093602750156256,-890.4825158736179,b,840.3282246633175
56.841884707146455,-6.311059276401816,-2779.930151687272,b,1235.0080137052878
42.679248105827995,-5.048304468044314,-220.68875143371037,b,775.4940021960526
56.39491016244917,-5.339172507867787,26.39855039496308,c,306.9253989788389
45.84708060588062,-5.797238288637997,-1409.8573592847406,c,385.4367731773534
44.47148261667367,-5.271831128701935,1964.7729594133525,a,-177.83855168255735
33.50132403903476,,-26.71138154598046,a,34.78003343159983
45.164664163839355,-6.849187753803257,-1018.672920682403,c,352.97143746119895
53.10419299204487,-5.456024970593819,461.4011377704106,b,802.6825278022707
48.79912297067018,-4.326764413308101,528.1378754741011,b,653.0652502975587
44.84187648517312,-6.589544431992408,619.2794372499256,a,-65.53107924552222
47.059478857063255,-4.559849901061045,-892.9683103228341,a,167.24224285871225
59.80576035907685,-5.128052241871169,-694.843395390141,a,208.889832572335
46.973918484142644,-4.659895128591385,-767.5984966515173,b,818.4236672638115
44.75113748856179,-6.712066397308158,1175.189807022366,b,807.815518483826
43.410600758456496,-5.2793691752715315,-1290.6131046195799,c,347.68259636645166
56.64828671911041,-5.528110222712219,978.1436707694054,c,197.00437614241815
82.74391876059654,-4.9783464035319565,-1560.6627819882362,b,1100.6498413764996
82.24683801136854,-6.807814152819902,562.0116359171767,c,364.8324747162795
35.76165214282061,-4.607475324384456,-950.3347795436961,b,764.0339007471016
41.438886721264915,-4.9892663746798585,-1357.3247617106717,a,150.30306022099555
45.67099439874142,-4.257770412607584,-491.0120105719494,b,738.4298924573964
56.41823466038484,-4.468256903766138,-1230.1360257581657,a,247.87006903292024
45.0320207939136,-4.656813131880282,1309.6470028500703,b,608.5265087927653
54.487315083309326,-5.8837703317789884,1061.6261895873274,c,174.23551691466656
43.29927836209028,-6.900789346878312,-1288.7049929657546,b,1062.815786171203
62.80398674088907,-4.6156365951328535,-1245.3941569100268,c,452.18329108047817
68.50541410024135,,-119.87243640104154,c,385.0541697827176
62.74973397051508,-6.831570795941783,188.16479490559766,b,1001.9100441000996
55.37565222119176,-5.56674610521193,-1296.8221847166021,a,231.04494747496148
68.00643947916646,-4.566090803558928,-2776.3998356817883,b,1110.8534986545721
41.261130911842955,-6.594039120084476,-697.3723663982071,b,964.8318078118155
56.673222793728684,-4.9801781725994845,-1500.8790967366317,b,966.8645342978504
52.26786510199581,-5.178946408788958,-1047.095663506408,a,192.40688180112755
44.25850114474184,-5.80608723023859,-1123.2546060743098,a,144.3842781281271
37.27550866271042,-5.457344582673085,-210.87551736031332,a,27.18383275813605
46.55346143266334,-6.64560847740527,83.82738254881536,b,945.200539222855
59.20432989464858,-6.953408912894169,-1329.0652457993592,b,1164.1167552233906
42.27916126685913,-4.278778683842215,-1081.0542336797826,c,328.14083624784075
51.94605512824955,-4.932861785247548,27.723778193098497,a,93.8427529952499
48.955709355798284,-5.169848512754847,757.3630526630028,b,726.8334999162571
69.43192998325672,-5.325802064251543,-20.194190325767266,c,352.47077487158845
34.72461777125899,-6.324553341834144,86.18460124261105,b,825.5129821238411
56.85928580106542,-4.133603531052874,36.07168862471099,c,296.23667106577847
58.850236828517644,-5.191912458870268,-1490.7609966804152,b,999.439124944839
51.717334787681054,-6.0470966169847955,-425.3599084086859,b,937.4365588453511
62.42049038204057,-4.295820130100033,764.7305648947025,b,690.6416927776024
77.8726051192364,-6.9607824870930965,-2312.1246406825508,b,1343.192956191254
46.98011940314797,-4.544471586160167,186.66096562239193,a,51.6061588808862
50.351134285646786,-5.854823355959448,101.63060930087767,b,864.93690597651
56.14661581521803,-6.654446739377371,-820.5531309140862,a,144.27649151146653
39.86650017046577,-5.608951913993936,-389.4867846160249,a,49.5745936772731
43.649899252279376,-6.973525170913192,51.65713181655474,b,938.8983301965502
64.77292338531478,-5.609123801267547,36.96128689589142,b,913.1220128478963
55.73221327435591,,-898.8375349161233,b,1004.9649862695034
49.9194222223288,-5.537910371084905,704.1241706198439,c,194.60817867780668
44.69436272300096,-5.339837255448891,-1599.985863166995,a,215.45086736703732
50.05482024910608,-4.550133916342063,1582.2761746093345,b,573.8345978405417
51.09504552965135,-6.29136621868019,-143.53272987571674,c,287.55472211435455
51.42289231023864,-6.798299145361984,483.3061009197944,b,912.1247248907781
58.09980489534239,-6.887555922130559,-225.40791687790147,c,313.6019444431618
37.49623136175136,-6.1125861589831345,-1670.483684806019,b,993.5404626364708
46.724139134608144,-6.65829736009647,-101.66304967667332,b,943.0619982750784
57.33972575478529,-6.5015326449424435,62.27488940172293,a,67.48112607142423
71.32682027139614,-6.706494258899692,56.85527285727869,b,1064.433492675684
64.53314748006227,-4.409538374600713,555.7115651889957,b,751.7314750165448
54.858930564767114,-5.925169398606008,935.5959107583824,a,6.17386986225759
53.70451516226174,-6.85183794965078,-421.48655334142546,a,75.31975434422063
42.790914675317296,-4.6718590057620215,1073.242693232973,b,621.7967128445816
51.373323794363486,-6.025239971202961,-660.4905248651805,b,974.6264714295947
44.33768551115233,-5.919629271970499,-957.4113503168161,b,942.4534610826704
53.88640071767284,-5.31359834479024,123.9239194941282,c,275.68359432410136
50.526292488653056,-6.767170050610002,1515.1113941187061,c,117.97310226487377
48.56966613923509,-6.328033940795175,-186.74285721688864,b,932.0622955126781
49.164177502509716,-4.320436461248917,-1882.951642579381,c,438.3053336960136
57.477433430074214,-4.32122747855866,-86.96498366976559,b,758.9018874643127
44.99987483863828,-5.213790493905124,733.5966033407867,b,691.1080424250604
29.866900176919017,-6.888896817756618,-698.2647053820124,b,940.2091595247126
50.42868495907873,,-1169.0778136302395,b,889.4958979736896
66.73858275791301,-4.519848758004645,-598.3850211994106,b,874.9118016987253
52.86610295100363,-6.2729695695941725,-106.75504784789405,c,299.70536340656435
46.65532557884988,-4.445720463783852,-429.851027909118,a,128.7243246611863
66.58078682948388,-5.5907715558252535,-954.0266818592123,a,240.24433395328091
64.8023285893307,-6.259593434260458,901.0274507105221,b,877.4770535690715
40.42308648103966,-6.43808749023326,1488.359586774005,b,733.6321443483453
37.89051825704752,-4.162394405502287,-712.4006904295143,c,281.20774027114464
39.981047047817135,-5.461657234468806,-39.00500519415638,a,3.154980506582973
43.572283864143344,-6.749130801384996,-999.854643124658,c,335.47624836592513
45.53178797504435,-5.438057122112537,-1199.6872278289766,b,941.3039579989183
38.14528751329401,-6.919945500436107,-657.7693732832031,a,38.72666225123373
51.980957564058876,-5.154359104842209,-444.509189786811,a,140.5718592761519
58.94858642201914,-6.690208372242782,137.02606716542158,c,277.73487125292263
41.420012722401346,-4.292743655758195,-1097.0797733406307,b,769.6011181985443
43.88129105590344,-6.7813847730504895,370.46182043027545,a,-45.12715912640937
61.915518964280565,-4.237288176735715,-1863.6803562551686,a,347.1969395809785
49.13721592757065,-5.789562399415584,391.48882059512675,c,221.1239150973265
44.25787150023129,-5.980788552979425,-510.2417413763899,a,80.06969210066947
52.61383060569785,-5.386287453187837,-176.49732500903764,b,849.2531323341905
53.968347221163924,-4.737614848453175,-498.8424699567622,b,814.6391213061183
44.66545793041448,-5.132558198833882,488.0703224353799,b,709.828076965877
55.73342998856299,-6.299443549396873,-828.9281275159486,c,368.17779936851355
39.5443714487236,-4.216303365550652,-456.7933310705447,b,688.7926885647034
35.694014809406,-6.826286496493698,675.6419105025532,b,820.3171511833186
53.602780385217116,-6.140977411843113,-796.0216501000488,a,126.23139857270604
49.92006639659638,-6.598065975409452,-61.37888231954679,b,944.0570159116423
45.34014340159087,-6.5332063221343,-571.8552773418526,b,964.7742033709926
55.25955916355033,-6.854071531499972,185.5806863386813,b,985.5800400744297
25.876221373221053,-4.636384979443389,-790.636392155885,b,705.6533465826202
29.886140656073906,-4.662553463661413,-201.9608726873747,c,199.42016600537488
41.10490550652073,-5.167029083053215,-876.3416156593004,b,831.9463830863035
50.57352019871524,-6.782769600331982,199.36309983778085,b,926.4206197381602
44.06047728859133,-4.174609021401635,662.8431343582128,a,14.020618179441726
53.04256039086147,-6.215892565057877,-231.21582328795787,b,938.05059593339
53.9748875209857,-4.804297078995606,178.37563607003085,c,258.7002185716654
54.82898763114295,-5.898572758351429,1084.2206354046684,b,791.5854958477722
47.793283349213674,-4.892545783296566,-364.43576925516686,b,793.754641442197
35.65271228412918,-5.9292283720328935,-550.6758279163491,a,27.86375195415431
49.818596688690896,-4.287566091188757,820.0984842713563,c,155.55142831110948
37.769315182987896,-4.945347534664931,-97.71838682726963,c,211.01039329644072
37.06179969550216,-5.892193096265261,-799.5002512211565,b,869.0666871988249
50.572490434126976,-4.796828356284747,231.66888690240432,b,740.0910009291738
43.32310752931418,-6.166927045383039,-1347.761745236778,a,155.81240794818234
41.18345378996678,-4.099978254042602,-334.4459303860192,b,680.9930862537648
31.27939239308953,-4.635456110543873,1814.8061284357777,c,-3.6340157192363147
50.62783051662841,-4.387862577662518,-706.3569819264159,b,781.8933325994616
62.81197512416755,-4.861267477845283,-1811.6237060961998,b,1019.6368796741349
30.71225680531101,-6.9406147695783815,-1345.2507738916531,b,1031.747014898121
49.98752841611203,-5.245094678345161,37.35546665306623,b,818.5304698715535
65.34938175986784,-6.0625146930725755,-1651.9020218338396,b,1141.858540864992
39.4937340209319,-6.383559597597449,143.47159490200477,b,841.7437175074147
40.7286425608556,-5.849848955035462,-71.53235717378243,b,813.6207533693552
